,EvsRHE/V,filename,i/mAcm^-2_ECSA
0,0.0,0,0.0
135,0.696739688,20171123_Pd_065_05_CA_C01.mpt,0.5048366488219507
135,0.69653499,20171123_Pd_066_05_CA_C01.mpt,4.3245557341888565
